<BackupInst xmlns="http://www.microsoft.com/GroupPolicy/GPOOperations/Manifest"><GPOGuid><![CDATA[{10A0F5AD-3A9A-4A44-A6A1-5383945D0266}]]></GPOGuid><GPODomain><![CDATA[2019gpo.local]]></GPODomain><GPODomainGuid><![CDATA[{b6d5e321-d91a-4949-8c34-2ada4425d690}]]></GPODomainGuid><GPODomainController><![CDATA[2019GPO-DC01.2019gpo.local]]></GPODomainController><BackupTime><![CDATA[2020-09-25T15:48:51]]></BackupTime><ID><![CDATA[{40C931AF-174C-4E23-993C-772A44F0697E}]]></ID><Comment><![CDATA[]]></Comment><GPODisplayName><![CDATA[PDCe Time Policy]]></GPODisplayName></BackupInst>
