<Backups xmlns="http://www.microsoft.com/GroupPolicy/GPOOperations/Manifest" xmlns:mfst="http://www.microsoft.com/GroupPolicy/GPOOperations/Manifest" mfst:version="1.0"><BackupInst><GPOGuid><![CDATA[{10A0F5AD-3A9A-4A44-A6A1-5383945D0266}]]></GPOGuid><GPODomain><![CDATA[2019gpo.local]]></GPODomain><GPODomainGuid><![CDATA[{b6d5e321-d91a-4949-8c34-2ada4425d690}]]></GPODomainGuid><GPODomainController><![CDATA[2019GPO-DC01.2019gpo.local]]></GPODomainController><BackupTime><![CDATA[2020-09-25T15:48:51]]></BackupTime><ID><![CDATA[{40C931AF-174C-4E23-993C-772A44F0697E}]]></ID><Comment><![CDATA[]]></Comment><GPODisplayName><![CDATA[PDCe Time Policy]]></GPODisplayName></BackupInst><BackupInst><GPOGuid><![CDATA[{E489D626-35B0-4137-B4ED-1FB3275305FB}]]></GPOGuid><GPODomain><![CDATA[2019gpo.local]]></GPODomain><GPODomainGuid><![CDATA[{b6d5e321-d91a-4949-8c34-2ada4425d690}]]></GPODomainGuid><GPODomainController><![CDATA[2019GPO-DC01.2019gpo.local]]></GPODomainController><BackupTime><![CDATA[2020-09-25T15:48:44]]></BackupTime><ID><![CDATA[{A07EE3E9-FB23-45D8-999C-49815BB3D576}]]></ID><Comment><![CDATA[]]></Comment><GPODisplayName><![CDATA[NT5DS Time Policy]]></GPODisplayName></BackupInst></Backups>