<BackupInst xmlns="http://www.microsoft.com/GroupPolicy/GPOOperations/Manifest"><GPOGuid><![CDATA[{E489D626-35B0-4137-B4ED-1FB3275305FB}]]></GPOGuid><GPODomain><![CDATA[2019gpo.local]]></GPODomain><GPODomainGuid><![CDATA[{b6d5e321-d91a-4949-8c34-2ada4425d690}]]></GPODomainGuid><GPODomainController><![CDATA[2019GPO-DC01.2019gpo.local]]></GPODomainController><BackupTime><![CDATA[2020-09-25T15:48:44]]></BackupTime><ID><![CDATA[{A07EE3E9-FB23-45D8-999C-49815BB3D576}]]></ID><Comment><![CDATA[]]></Comment><GPODisplayName><![CDATA[NT5DS Time Policy]]></GPODisplayName></BackupInst>
